{"data_time": 0.0089281560000245, "eta_seconds": 0.0, "fast_rcnn/cls_accuracy": 0.064453125, "fast_rcnn/false_negative": 0.07692307692307693, "fast_rcnn/fg_cls_accuracy": 0.1654228855721393, "iteration": 5, "loss_box_reg": 0.41192732751369476, "loss_cls": 1.2242519855499268, "loss_rpn_cls": 1.1650200337171555, "loss_rpn_loc": 0.23748032748699188, "lr": 0.000208375, "rank_data_time": 0.0089281560000245, "roi_head/num_bg_samples": 490.0, "roi_head/num_fg_samples": 22.0, "rpn/num_neg_anchors": 203.0, "rpn/num_pos_anchors": 53.0, "time": 0.28262741599996843, "timetest": 12.0, "total_loss": 2.931309998035431, "validation_loss": 2.590525490778906}
{"bbox/AP": 0.0009885369875729968, "bbox/AP-person": 0.0, "bbox/AP-vehicle": 0.0019770739751459937, "bbox/AP50": 0.0032356176794150005, "bbox/AP75": 0.0, "bbox/APl": NaN, "bbox/APm": 0.0023028347656086023, "bbox/APs": 0.0, "iteration": 3}
{"bbox/AP": 0.0, "bbox/AP-person": 0.0, "bbox/AP-vehicle": 0.0, "bbox/AP50": 0.0, "bbox/AP75": 0.0, "bbox/APl": NaN, "bbox/APm": 0.0, "bbox/APs": 0.0, "iteration": 6}
