{"data_time": 0.15896854800001847, "fast_rcnn/cls_accuracy": 0.2919921875, "fast_rcnn/false_negative": 0.2736185383244207, "fast_rcnn/fg_cls_accuracy": 0.3333333333333333, "iteration": 1, "loss_box_reg": 0.470427468419075, "loss_cls": 1.0920908451080322, "loss_rpn_cls": 1.6822994351387024, "loss_rpn_loc": 0.41121765971183777, "lr": 0.000125125, "rank_data_time": 0.15896854800001847, "roi_head/num_bg_samples": 491.0, "roi_head/num_fg_samples": 21.0, "rpn/num_neg_anchors": 204.0, "rpn/num_pos_anchors": 52.0, "total_loss": 3.6560354083776474, "validation_loss": 2.15238651698202}
{"bbox/AP": 0.0, "bbox/AP-person": 0.0, "bbox/AP-vehicle": 0.0, "bbox/AP50": 0.0, "bbox/AP75": 0.0, "bbox/APl": NaN, "bbox/APm": 0.0, "bbox/APs": 0.0, "iteration": 0}
{"bbox/AP": 0.0, "bbox/AP-person": 0.0, "bbox/AP-vehicle": 0.0, "bbox/AP50": 0.0, "bbox/AP75": 0.0, "bbox/APl": NaN, "bbox/APm": 0.0, "bbox/APs": 0.0, "iteration": 2}
